Assigned SE,Company / Account,Activity Type,Date,Need SE Assigned?
SE2,Company184,New Business Meeting,4/13/2023,Yes
SE2,Company184,New Business Meeting,4/13/2023,Yes
SE2,Company105,New Business Meeting,3/7/2023,Yes
SE2,Company184,New Business Meeting,4/13/2023,Yes
SE2,Company18,New Business Meeting,4/3/2023,Yes
SE2,Company18,New Business Meeting,4/3/2023,Yes
SE2,Company87,New Business Meeting,4/18/2023,Yes
SE2,Company109,Discovery,4/24/2023,Yes
SE2,Company186,New Business Meeting,5/16/2023,Yes
SE2,Company101,New Business Meeting,6/5/2023,Yes
SE2,Company184,New Business Meeting,5/17/2023,
SE2,Company184,New Business Meeting,5/17/2023,
SE2,Company184,New Business Meeting,5/17/2023,
SE2,Company184,New Business Meeting,5/17/2023,
SE2,Company78,Discovery,6/2/2023,
SE2,Company78,Discovery,6/2/2023,
SE2,Company53,New Business Meeting,5/25/2023,
SE2,Company53,New Business Meeting,5/25/2023,
SE2,Company53,New Business Meeting,5/25/2023,
SE2,Company53,New Business Meeting,5/26/2023,
SE2,Company53,New Business Meeting,5/26/2023,
SE2,Company53,New Business Meeting,5/26/2023,
SE2,Company78,Discovery,6/5/2023,
SE2,Company78,Discovery,6/5/2023,
SE2,Company243,New Business Meeting,6/7/2023,
SE2,Company172,Deal Progression Call,6/19/2023,Yes
SE2,Company85,New Business Meeting,6/12/2023,No
SE2,Company85,New Business Meeting,6/12/2023,
SE2,Company156,Discovery,6/21/2023,Yes
SE2,Company159,New Business Meeting,6/22/2023,
SE5,Company64,Discovery,1/3/2023,Yes
SE5,Company10,Discovery,2/2/2023,No
SE5,Company10,Discovery,2/2/2023,No
SE5,Company10,Discovery,2/2/2023,No
SE5,Company237,Deal Progression Call,1/17/2023,No
SE5,Company237,Deal Progression Call,1/17/2023,No
SE5,Company237,New Business Meeting,1/19/2023,No
SE5,Company64,New Business Meeting,1/17/2023,
SE5,Company24,Discovery,1/16/2023,
SE5,Company74,Discovery,1/10/2023,
SE5,Company93,Discovery,1/12/2023,
SE5,Company24,Discovery,1/16/2023,
SE5,Company24,Discovery,1/16/2023,
SE5,Company195,Discovery,1/20/2023,No
SE5,Company68,Discovery,1/20/2023,No
SE5,Company68,Discovery,1/20/2023,No
SE5,Company229,Deal Progression Call,1/20/2023,
SE5,Company235,Other,1/16/2023,
SE5,Company235,Other,1/17/2023,
SE5,Company246,Deal Progression Call,1/17/2023,
SE5,Company74,Discovery,1/18/2023,
SE5,Company74,Discovery,1/18/2023,
SE5,Company235,Deal Progression Call,1/17/2023,
SE5,Company235,Other,1/18/2023,
SE5,Company253,Deal Progression Call,2/1/2023,No
SE5,Company253,Deal Progression Call,2/1/2023,No
SE5,Company253,Deal Progression Call,2/1/2023,No
SE5,Company235,Deal Progression Call,1/16/2023,
SE5,Company235,Deal Progression Call,1/16/2023,
SE5,Company93,New Business Meeting,2/6/2023,
SE5,Company24,New Business Meeting,2/8/2023,
SE5,Company68,Discovery,2/9/2023,No
SE5,Company68,New Business Meeting,2/15/2023,No
SE5,Company130,New Business Meeting,3/7/2023,No
SE5,Company130,New Business Meeting,3/7/2023,No
SE5,Company130,New Business Meeting,3/7/2023,No
SE5,Company130,New Business Meeting,3/7/2023,No
SE5,Company157,New Business Meeting,2/15/2023,No
SE5,Company157,New Business Meeting,2/15/2023,No
SE5,Company157,New Business Meeting,2/15/2023,No
SE5,Company195,Discovery,3/1/2023,No
SE5,Company152,New Business Meeting,2/14/2023,Yes
SE5,Company111,Deal Progression Call,2/6/2023,Yes
SE5,Company111,Deal Progression Call,2/6/2023,Yes
SE5,Company111,Deal Progression Call,2/6/2023,Yes
SE5,Company111,Deal Progression Call,2/7/2023,Yes
SE5,Company111,Deal Progression Call,2/7/2023,Yes
SE5,Company111,New Business Meeting,2/7/2023,Yes
SE5,Company111,New Business Meeting,2/7/2023,Yes
SE5,Company235,New Business Meeting,2/8/2023,
SE5,Company235,New Business Meeting,2/8/2023,
SE5,Company111,Deal Progression Call,2/8/2023,
SE5,Company111,Deal Progression Call,2/8/2023,
SE5,Company28,Discovery,2/16/2023,No
SE5,Company28,Discovery,2/16/2023,No
SE5,Company235,Other,2/13/2023,
SE5,Company235,Other,2/13/2023,
SE5,Company235,Other,2/13/2023,
SE5,Company235,Other,2/13/2023,
SE5,Company24,Deal Progression Call,2/28/2023,
SE5,Company1,Discovery,3/8/2023,Yes
SE5,Company195,Discovery,3/3/2023,No
SE5,Company195,Discovery,3/3/2023,No
SE5,Company10,Deal Progression Call,3/3/2023,No
SE5,Company10,Deal Progression Call,3/3/2023,No
SE5,Company10,Deal Progression Call,3/6/2023,No
SE5,Company229,Deal Progression Call,3/14/2023,
SE5,Company229,Deal Progression Call,3/14/2023,
SE5,Company197,Discovery,3/8/2023,Yes
SE5,Company10,Deal Progression Call,3/7/2023,No
SE5,Company10,Deal Progression Call,3/7/2023,No
SE5,Company51,New Business Meeting,3/20/2023,No
SE5,Company51,New Business Meeting,3/20/2023,No
SE5,Company51,New Business Meeting,3/20/2023,No
SE5,Company51,New Business Meeting,3/20/2023,No
SE5,Company196,Discovery,3/13/2023,Yes
SE5,Company28,Discovery,3/9/2023,No
SE5,Company28,Discovery,3/9/2023,No
SE5,Company28,Discovery,3/9/2023,No
SE5,Company196,Discovery,3/13/2023,Yes
SE5,Company107,Deal Progression Call,3/10/2023,Yes
SE5,Company107,Deal Progression Call,3/10/2023,Yes
SE5,Company197,New Business Meeting,3/21/2023,No
SE5,Company1,Deal Progression Call,3/20/2023,No
SE5,Company238,Discovery,3/17/2023,Yes
SE5,Company238,Discovery,3/17/2023,Yes
SE5,Company180,Discovery,3/17/2023,No
SE5,Company180,Discovery,3/17/2023,No
SE5,Company235,New Business Meeting,3/13/2023,
SE5,Company235,New Business Meeting,3/13/2023,
SE5,Company60,Other,4/19/2023,No
SE5,Company60,Other,4/19/2023,No
SE5,Company90,New Business Meeting,3/16/2023,No
SE5,Company90,New Business Meeting,3/16/2023,No
SE5,Company90,New Business Meeting,3/16/2023,No
SE5,Company196,Discovery,3/16/2023,
SE5,Company196,Discovery,3/16/2023,
SE5,Company255,Other,3/23/2023,No
SE5,Company125,Other,3/20/2023,No
SE5,Company65,New Business Meeting,3/23/2023,No
SE5,Company65,New Business Meeting,3/23/2023,No
SE5,Company65,New Business Meeting,3/23/2023,No
SE5,Company65,New Business Meeting,3/23/2023,No
SE5,Company125,Other,3/24/2023,No
SE5,Company227,New Business Meeting,4/24/2023,Yes
SE5,Company227,New Business Meeting,4/24/2023,Yes
SE5,Company195,Deal Progression Call,3/27/2023,No
SE5,Company195,Deal Progression Call,3/27/2023,No
SE5,Company69,New Business Meeting,3/22/2023,
SE5,Company69,New Business Meeting,3/22/2023,
SE5,Company25,New Business Meeting,4/5/2023,Yes
SE5,Company25,New Business Meeting,4/5/2023,Yes
SE5,Company28,Deal Progression Call,3/29/2023,No
SE5,Company28,Deal Progression Call,3/29/2023,No
SE5,Company28,Deal Progression Call,3/29/2023,
SE5,Company28,Deal Progression Call,3/29/2023,No
SE5,Company28,Deal Progression Call,3/29/2023,No
SE5,Company220,Deal Progression Call,3/29/2023,No
SE5,Company220,Deal Progression Call,3/29/2023,No
SE5,Company28,Deal Progression Call,3/29/2023,No
SE5,Company28,Deal Progression Call,3/29/2023,No
SE5,Company202,Deal Progression Call,3/29/2023,No
SE5,Company202,Deal Progression Call,3/29/2023,No
SE5,Company28,Deal Progression Call,3/29/2023,No
SE5,Company28,Deal Progression Call,3/29/2023,No
SE5,Company28,Deal Progression Call,3/29/2023,No
SE5,Company28,Deal Progression Call,3/29/2023,No
SE5,Company43,Deal Progression Call,3/30/2023,No
SE5,Company43,Deal Progression Call,3/30/2023,No
SE5,Company61,Deal Progression Call,3/30/2023,No
SE5,Company61,Deal Progression Call,3/30/2023,No
SE5,Company28,Deal Progression Call,3/30/2023,No
SE5,Company28,Deal Progression Call,3/30/2023,No
SE5,Company96,Deal Progression Call,3/30/2023,No
SE5,Company96,Deal Progression Call,3/30/2023,No
SE5,Company220,Deal Progression Call,3/30/2023,No
SE5,Company220,Deal Progression Call,3/30/2023,No
SE5,Company220,Deal Progression Call,3/30/2023,No
SE5,Company220,Deal Progression Call,3/30/2023,No
SE5,Company43,Deal Progression Call,3/30/2023,No
SE5,Company43,Deal Progression Call,3/30/2023,No
SE5,Company28,Deal Progression Call,3/30/2023,No
SE5,Company28,Deal Progression Call,3/30/2023,No
SE5,Company28,Deal Progression Call,3/30/2023,No
SE5,Company28,Deal Progression Call,3/30/2023,No
SE5,Company43,Deal Progression Call,3/30/2023,No
SE5,Company43,Deal Progression Call,3/30/2023,No
SE5,Company43,Deal Progression Call,3/30/2023,No
SE5,Company43,Deal Progression Call,3/30/2023,No
SE5,Company28,Deal Progression Call,3/30/2023,No
SE5,Company28,Deal Progression Call,3/30/2023,No
SE5,Company51,Deal Progression Call,4/17/2023,No
SE5,Company51,Deal Progression Call,4/17/2023,No
SE5,Company25,New Business Meeting,4/5/2023,Yes
SE5,Company227,New Business Meeting,4/24/2023,Yes
SE5,Company28,Discovery,4/12/2023,No
SE5,Company28,Discovery,4/12/2023,No
SE5,Company28,Discovery,4/12/2023,No
SE5,Company28,Discovery,4/12/2023,No
SE5,Company28,Discovery,4/12/2023,No
SE5,Company28,Discovery,4/12/2023,No
SE5,Company8,Discovery,5/3/2023,No
SE5,Company8,Discovery,5/3/2023,No
SE5,Company8,Discovery,5/3/2023,No
SE5,Company131,New Business Meeting,4/19/2023,Yes
SE5,Company133,Discovery,4/12/2023,
SE5,Company133,Discovery,4/12/2023,
SE5,Company133,Discovery,4/24/2023,
SE5,Company96,Deal Progression Call,4/13/2023,No
SE5,Company96,Deal Progression Call,4/13/2023,No
SE5,Company253,Deal Progression Call,4/13/2023,No
SE5,Company253,Deal Progression Call,4/13/2023,No
SE5,Company253,Deal Progression Call,4/13/2023,No
SE5,Company229,New Business Meeting,4/13/2023,
SE5,Company229,New Business Meeting,4/13/2023,
SE5,Company229,Deal Progression Call,5/10/2023,
SE5,Company229,Deal Progression Call,5/10/2023,
SE5,Company133,New Business Meeting,4/18/2023,
SE5,Company133,Discovery,4/26/2023,Yes
SE5,Company229,Discovery,4/28/2023,
SE5,Company229,Discovery,4/28/2023,
SE5,Company229,Discovery,4/28/2023,
SE5,Company229,Discovery,4/28/2023,
SE5,Company196,Deal Progression Call,4/25/2023,
SE5,Company196,Deal Progression Call,4/25/2023,
SE5,Company133,New Business Meeting,4/28/2023,
SE5,Company111,New Business Meeting,4/26/2023,
SE5,Company195,New Business Meeting,5/10/2023,No
SE5,Company128,New Business Meeting,4/28/2023,
SE5,Company128,New Business Meeting,4/28/2023,
SE5,Company269,Discovery,5/4/2023,No
SE5,Company269,Discovery,5/4/2023,No
SE5,Company24,New Business Meeting,5/3/2023,
SE5,Company15,New Business Meeting,5/15/2023,Yes
SE5,Company211,New Business Meeting,5/15/2023,No
SE5,Company133,Deal Progression Call,5/15/2023,
SE5,Company133,Deal Progression Call,5/15/2023,
SE5,Company133,Deal Progression Call,5/12/2023,
SE5,Company133,Deal Progression Call,5/12/2023,
SE5,Company211,Deal Progression Call,5/17/2023,No
SE5,Company133,Deal Progression Call,5/19/2023,
SE5,Company133,Deal Progression Call,5/19/2023,
SE5,Company196,Deal Progression Call,5/15/2023,
SE5,Company225,New Business Meeting,5/30/2023,
SE5,Company225,New Business Meeting,5/30/2023,
SE5,Company229,Discovery,5/25/2023,
SE5,Company211,New Business Meeting,5/24/2023,No
SE5,Company196,Deal Progression Call,5/17/2023,
SE5,Company196,Deal Progression Call,5/17/2023,
SE5,Company133,Deal Progression Call,5/17/2023,
SE5,Company133,Deal Progression Call,5/17/2023,
SE5,Company196,Deal Progression Call,5/19/2023,
SE5,Company24,Deal Progression Call,5/25/2023,
SE5,Company1,Discovery,5/25/2023,Yes
SE5,Company65,Deal Progression Call,5/30/2023,No
SE5,Company65,Deal Progression Call,5/30/2023,No
SE5,Company24,Deal Progression Call,5/25/2023,
SE5,Company133,Deal Progression Call,5/22/2023,
SE5,Company163,Deal Progression Call,5/26/2023,
SE5,Company163,Deal Progression Call,5/26/2023,
SE5,Company196,Deal Progression Call,5/26/2023,
SE5,Company8,Discovery,6/12/2023,No
SE5,Company8,Discovery,6/12/2023,No
SE5,Company8,Discovery,6/12/2023,No
SE5,Company77,Discovery,6/6/2023,No
SE5,Company77,Discovery,6/6/2023,No
SE5,Company8,Discovery,5/31/2023,No
SE5,Company8,Discovery,5/31/2023,No
SE5,Company196,Deal Progression Call,6/1/2023,
SE5,Company196,Deal Progression Call,6/1/2023,
SE5,Company133,Deal Progression Call,6/5/2023,
SE5,Company133,Deal Progression Call,6/5/2023,
SE5,Company269,New Business Meeting,6/7/2023,No
SE5,Company269,New Business Meeting,6/7/2023,No
SE5,Company229,Deal Progression Call,6/6/2023,
SE5,Company229,Deal Progression Call,6/6/2023,
SE5,Company24,Deal Progression Call,6/6/2023,
SE5,Company196,Deal Progression Call,6/5/2023,
SE5,Company189,Discovery,6/14/2023,Yes
SE5,Company133,Deal Progression Call,6/5/2023,
SE5,Company133,Deal Progression Call,6/5/2023,
SE5,Company196,Deal Progression Call,6/6/2023,
SE5,Company196,Deal Progression Call,6/6/2023,
SE5,Company205,Discovery,6/7/2023,
SE5,Company205,Discovery,6/7/2023,
SE5,Company205,Discovery,6/7/2023,
SE5,Company205,Discovery,6/13/2023,
SE5,Company205,Discovery,6/13/2023,
SE5,Company205,Discovery,6/13/2023,
SE5,Company8,New Business Meeting,6/13/2023,No
SE5,Company8,New Business Meeting,6/13/2023,No
SE5,Company8,New Business Meeting,6/13/2023,No
SE5,Company8,New Business Meeting,6/15/2023,No
SE5,Company28,Discovery,4/4/2023,No
SE5,Company28,Discovery,4/4/2023,No
SE5,Company122,Discovery,6/13/2023,No
SE5,Company122,Discovery,6/13/2023,No
SE5,Company68,Discovery,6/22/2023,No
SE5,Company68,Discovery,6/22/2023,No
SE5,Company196,Deal Progression Call,6/13/2023,
SE5,Company244,Deal Progression Call,6/15/2023,
SE5,Company196,Deal Progression Call,6/14/2023,
SE5,Company133,Deal Progression Call,6/14/2023,
SE5,Company133,Deal Progression Call,6/14/2023,
SE5,Company196,Deal Progression Call,6/15/2023,
SE5,Company196,Deal Progression Call,6/15/2023,
SE5,Company196,Deal Progression Call,6/15/2023,
SE5,Company69,Deal Progression Call,6/14/2023,
SE5,Company69,Deal Progression Call,6/14/2023,
SE5,Company8,Deal Progression Call,6/27/2023,No
SE5,Company8,Deal Progression Call,6/27/2023,No
SE5,Company260,New Business Meeting,6/29/2023,Yes
SE5,Company260,New Business Meeting,6/29/2023,Yes
SE5,Company26,Discovery,6/27/2023,
SE5,Company24,Deal Progression Call,6/26/2023,
SE5,Company229,Discovery,6/26/2023,
SE5,Company158,Deal Progression Call,6/30/2023,Yes
SE5,Company158,Deal Progression Call,6/30/2023,Yes
SE5,Company229,Deal Progression Call,6/28/2023,
SE4,Company12,Other,1/13/2023,Yes
SE4,Company31,Discovery,1/17/2023,Yes
SE4,Company268,Discovery,1/11/2023,
SE4,Company151,Deal Progression Call,1/12/2023,
SE4,Company212,New Business Meeting,1/18/2023,Yes
SE4,Company7,Discovery,1/16/2023,
SE4,Company119,Deal Progression Call,1/16/2023,
SE4,Company88,Discovery,1/20/2023,Yes
SE4,Company268,New Business Meeting,1/18/2023,
SE4,Company119,Deal Progression Call,1/23/2023,
SE4,Company7,Other,1/20/2023,
SE4,Company120,New Business Meeting,2/15/2023,
SE4,Company120,New Business Meeting,2/15/2023,
SE4,Company120,New Business Meeting,2/15/2023,
SE4,Company67,Other,1/25/2023,
SE4,Company212,Discovery,1/26/2023,
SE4,Company212,New Business Meeting,2/2/2023,
SE4,Company67,Deal Progression Call,1/31/2023,
SE4,Company212,Discovery,2/8/2023,
SE4,Company7,Other,2/7/2023,
SE4,Company212,Discovery,2/15/2023,
SE4,Company120,New Business Meeting,2/15/2023,
SE4,Company212,Deal Progression Call,2/20/2023,
SE4,Company194,Other,2/2/2023,
SE4,Company67,Deal Progression Call,2/21/2023,
SE4,Company67,Deal Progression Call,2/20/2023,
SE4,Company143,New Business Meeting,3/8/2023,Yes
SE4,Company212,Deal Progression Call,3/15/2023,
SE4,Company212,New Business Meeting,3/15/2023,
SE4,Company143,Discovery,3/9/2023,
SE4,Company207,Other,3/16/2023,
SE4,Company120,Deal Progression Call,3/17/2023,No
SE4,Company120,Deal Progression Call,3/17/2023,No
SE4,Company120,Deal Progression Call,3/20/2023,
SE4,Company81,New Business Meeting,3/28/2023,
SE4,Company127,Other,3/23/2023,
SE4,Company136,New Business Meeting,3/30/2023,No
SE4,Company116,Discovery,3/29/2023,
SE4,Company165,Other,3/28/2023,
SE4,Company127,Other,3/29/2023,
SE4,Company116,Discovery,3/16/2023,
SE4,Company116,New Business Meeting,4/5/2023,Yes
SE4,Company81,New Business Meeting,3/28/2023,
SE4,Company81,New Business Meeting,4/3/2023,
SE4,Company81,New Business Meeting,4/3/2023,
SE4,Company143,Discovery,4/3/2023,Yes
SE4,Company127,Other,3/31/2023,
SE4,Company143,New Business Meeting,4/12/2023,
SE4,Company207,Other,4/3/2023,
SE4,Company268,Other,4/3/2023,
SE4,Company207,Other,4/5/2023,
SE4,Company67,Deal Progression Call,4/11/2023,
SE4,Company169,Discovery,4/13/2023,Yes
SE4,Company169,Discovery,4/13/2023,Yes
SE4,Company207,New Business Meeting,4/18/2023,Yes
SE4,Company207,New Business Meeting,4/18/2023,Yes
SE4,Company207,Other,4/13/2023,
SE4,Company169,New Business Meeting,4/25/2023,Yes
SE4,Company169,New Business Meeting,4/25/2023,Yes
SE4,Company207,Other,4/14/2023,
SE4,Company207,Discovery,4/24/2023,
SE4,Company143,Discovery,4/27/2023,Yes
SE4,Company7,Other,4/26/2023,
SE4,Company1,Other,4/26/2023,
SE4,Company212,Deal Progression Call,5/3/2023,
SE4,Company207,Other,5/4/2023,
SE4,Company7,New Business Meeting,5/4/2023,No
SE4,Company120,Deal Progression Call,5/4/2023,
SE4,Company7,New Business Meeting,5/16/2023,Yes
SE4,Company7,New Business Meeting,5/17/2023,Yes
SE4,Company48,New Business Meeting,5/22/2023,Yes
SE4,Company48,New Business Meeting,5/22/2023,Yes
SE4,Company207,Other,5/17/2023,
SE4,Company207,Other,5/17/2023,
SE4,Company136,New Business Meeting,5/15/2023,No
SE4,Company136,New Business Meeting,5/15/2023,No
SE4,Company136,New Business Meeting,5/15/2023,No
SE4,Company136,New Business Meeting,5/15/2023,No
SE4,Company136,New Business Meeting,5/15/2023,No
SE4,Company48,New Business Meeting,5/24/2023,No
SE4,Company48,New Business Meeting,5/24/2023,No
SE4,Company143,Deal Progression Call,5/24/2023,
SE4,Company99,New Business Meeting,5/31/2023,Yes
SE4,Company99,New Business Meeting,5/31/2023,Yes
SE4,Company116,Deal Progression Call,5/19/2023,
SE4,Company7,Discovery,5/23/2023,
SE4,Company7,Discovery,5/23/2023,
SE4,Company7,Discovery,5/25/2023,
SE4,Company7,Discovery,5/23/2023,
SE4,Company7,Discovery,5/23/2023,
SE4,Company48,Deal Progression Call,5/26/2023,No
SE4,Company48,Deal Progression Call,5/26/2023,No
SE4,Company212,Deal Progression Call,5/30/2023,
SE4,Company99,New Business Meeting,5/31/2023,Yes
SE4,Company143,Discovery,5/31/2023,
SE4,Company7,Deal Progression Call,5/30/2023,
SE4,Company120,New Business Meeting,6/1/2023,
SE4,Company120,New Business Meeting,6/1/2023,
SE4,Company136,New Business Meeting,5/31/2023,No
SE4,Company136,Discovery,5/31/2023,No
SE4,Company116,Deal Progression Call,6/6/2023,
SE4,Company7,New Business Meeting,6/7/2023,No
SE4,Company7,New Business Meeting,6/7/2023,No
SE4,Company136,New Business Meeting,6/13/2023,No
SE4,Company136,New Business Meeting,6/13/2023,No
SE4,Company82,Discovery,6/9/2023,
SE4,Company212,Deal Progression Call,6/6/2023,
SE4,Company47,New Business Meeting,6/27/2023,Yes
SE4,Company207,Other,6/14/2023,
SE4,Company47,New Business Meeting,6/16/2023,Yes
SE4,Company7,Discovery,1/11/2023,
SE4,Company7,New Business Meeting,1/18/2023,
SE4,Company7,Other,3/24/2023,
SE4,Company7,Deal Progression Call,1/18/2023,
SE4,Company7,Other,3/17/2023,
SE4,Company1,Discovery,6/14/2023,No
SE4,Company47,New Business Meeting,6/16/2023,Yes
SE4,Company136,New Business Meeting,6/29/2023,No
SE4,Company136,Deal Progression Call,6/27/2023,No
SE4,Company136,New Business Meeting,6/27/2023,No
SE4,Company181,New Business Meeting,6/30/2023,Yes
SE4,Company1,Discovery,6/22/2023,No
SE4,Company241,Deal Progression Call,6/20/2023,No
SE4,Company136,Discovery,6/27/2023,No
SE4,Company136,Discovery,6/29/2023,No
SE4,Company136,Deal Progression Call,6/29/2023,No
SE4,Company136,Deal Progression Call,6/22/2023,No
SE4,Company136,Deal Progression Call,6/22/2023,No
SE4,Company136,Deal Progression Call,6/22/2023,No
SE6,Company209,New Business Meeting,2/22/2023,Yes
SE6,Company40,Discovery,3/9/2023,
SE6,Company40,Discovery,3/9/2023,
SE6,Company40,Discovery,3/9/2023,
SE6,Company197,New Business Meeting,3/16/2023,No
SE6,Company197,New Business Meeting,3/16/2023,No
SE6,Company89,Deal Progression Call,5/30/2023,Yes
SE6,Company197,New Business Meeting,3/23/2023,No
SE6,Company82,New Business Meeting,4/25/2023,Yes
SE6,Company22,New Business Meeting,4/25/2023,Yes
SE6,Company22,New Business Meeting,4/25/2023,Yes
SE6,Company22,New Business Meeting,4/25/2023,Yes
SE6,Company242,Discovery,4/12/2023,Yes
SE6,Company166,Discovery,4/21/2023,
SE6,Company86,Discovery,4/24/2023,Yes
SE6,Company105,Discovery,4/26/2023,Yes
SE6,Company166,Discovery,4/21/2023,
SE6,Company166,Discovery,4/21/2023,
SE6,Company57,Discovery,5/3/2023,Yes
SE6,Company258,New Business Meeting,5/4/2023,Yes
SE6,Company57,Discovery,5/9/2023,
SE6,Company57,Discovery,5/9/2023,
SE6,Company173,Discovery,5/15/2023,Yes
SE6,Company97,New Business Meeting,5/16/2023,Yes
SE6,Company89,Deal Progression Call,5/30/2023,Yes
SE6,Company1,New Business Meeting,5/25/2023,Yes
SE6,Company174,New Business Meeting,6/7/2023,Yes
SE6,Company218,New Business Meeting,6/20/2023,Yes
SE6,Company231,Deal Progression Call,6/21/2023,Yes
SE6,Company57,Deal Progression Call,6/14/2023,
SE6,Company57,Deal Progression Call,6/6/2023,
SE6,Company57,Deal Progression Call,6/2/2023,
SE6,Company57,Deal Progression Call,5/31/2023,
SE6,Company57,Deal Progression Call,6/8/2023,
SE6,Company222,New Business Meeting,6/27/2023,Yes
SE6,Company265,Discovery,6/20/2023,Yes
SE6,Company265,Discovery,6/20/2023,Yes
SE6,Company1,New Business Meeting,6/22/2023,
SE1,Company99,Discovery,3/27/2023,
SE1,Company99,Discovery,3/27/2023,
SE1,Company66,Deal Progression Call,1/18/2023,
SE1,Company167,Deal Progression Call,1/17/2023,Yes
SE1,Company260,New Business Meeting,2/1/2023,No
SE1,Company260,New Business Meeting,2/1/2023,No
SE1,Company221,New Business Meeting,1/19/2023,Yes
SE1,Company58,New Business Meeting,1/11/2023,
SE1,Company58,New Business Meeting,1/11/2023,
SE1,Company170,New Business Meeting,1/17/2023,Yes
SE1,Company99,Deal Progression Call,1/13/2023,
SE1,Company99,Deal Progression Call,1/13/2023,
SE1,Company99,Deal Progression Call,1/13/2023,
SE1,Company265,New Business Meeting,1/17/2023,
SE1,Company261,New Business Meeting,2/2/2023,No
SE1,Company261,New Business Meeting,2/2/2023,No
SE1,Company66,Deal Progression Call,1/18/2023,
SE1,Company259,Discovery,2/7/2023,Yes
SE1,Company221,New Business Meeting,2/1/2023,
SE1,Company4,Onboarding,1/30/2023,
SE1,Company92,Deal Progression Call,1/30/2023,
SE1,Company4,Deal Progression Call,1/30/2023,No
SE1,Company4,Deal Progression Call,1/30/2023,No
SE1,Company4,New Business Meeting,1/30/2023,
SE1,Company4,New Business Meeting,1/30/2023,
SE1,Company1,New Business Meeting,1/31/2023,
SE1,Company221,New Business Meeting,2/1/2023,
SE1,Company1,New Business Meeting,1/31/2023,
SE1,Company1,New Business Meeting,1/31/2023,
SE1,Company99,Deal Progression Call,2/3/2023,
SE1,Company161,Discovery,1/30/2023,No
SE1,Company123,New Business Meeting,2/2/2023,No
SE1,Company123,New Business Meeting,2/2/2023,No
SE1,Company265,Discovery,2/14/2023,
SE1,Company265,Discovery,2/14/2023,
SE1,Company70,Discovery,2/8/2023,
SE1,Company70,Discovery,2/8/2023,
SE1,Company58,New Business Meeting,2/6/2023,
SE1,Company58,New Business Meeting,2/6/2023,
SE1,Company259,Discovery,2/7/2023,Yes
SE1,Company99,New Business Meeting,2/7/2023,No
SE1,Company99,New Business Meeting,2/7/2023,No
SE1,Company99,New Business Meeting,2/7/2023,No
SE1,Company99,Deal Progression Call,2/3/2023,
SE1,Company4,Discovery,2/8/2023,
SE1,Company70,Discovery,2/8/2023,
SE1,Company187,New Business Meeting,2/7/2023,Yes
SE1,Company187,New Business Meeting,2/7/2023,Yes
SE1,Company234,New Business Meeting,2/9/2023,Yes
SE1,Company234,New Business Meeting,2/9/2023,Yes
SE1,Company152,New Business Meeting,2/7/2023,
SE1,Company152,New Business Meeting,2/7/2023,
SE1,Company152,New Business Meeting,2/7/2023,
SE1,Company66,Deal Progression Call,2/8/2023,
SE1,Company58,New Business Meeting,2/6/2023,
SE1,Company117,Discovery,2/15/2023,Yes
SE1,Company117,Discovery,2/15/2023,Yes
SE1,Company261,New Business Meeting,2/22/2023,No
SE1,Company261,New Business Meeting,2/22/2023,No
SE1,Company261,New Business Meeting,2/23/2023,No
SE1,Company162,Discovery,2/16/2023,Yes
SE1,Company4,Discovery,2/8/2023,
SE1,Company263,Deal Progression Call,2/15/2023,
SE1,Company263,Deal Progression Call,2/15/2023,
SE1,Company117,Discovery,2/15/2023,Yes
SE1,Company170,New Business Meeting,2/23/2023,
SE1,Company170,New Business Meeting,2/23/2023,
SE1,Company170,New Business Meeting,2/23/2023,
SE1,Company170,New Business Meeting,2/23/2023,
SE1,Company4,New Business Meeting,2/16/2023,
SE1,Company4,New Business Meeting,2/16/2023,
SE1,Company70,New Business Meeting,3/14/2023,
SE1,Company52,Deal Progression Call,2/14/2023,
SE1,Company52,Deal Progression Call,2/14/2023,
SE1,Company52,Deal Progression Call,2/14/2023,
SE1,Company265,Deal Progression Call,2/15/2023,
SE1,Company265,Deal Progression Call,2/15/2023,
SE1,Company265,Deal Progression Call,2/15/2023,
SE1,Company99,New Business Meeting,2/17/2023,
SE1,Company99,New Business Meeting,2/17/2023,
SE1,Company265,Deal Progression Call,2/17/2023,
SE1,Company265,Deal Progression Call,2/17/2023,
SE1,Company265,Deal Progression Call,2/17/2023,
SE1,Company259,Other,2/20/2023,
SE1,Company221,Discovery,2/22/2023,
SE1,Company261,New Business Meeting,2/23/2023,No
SE1,Company99,New Business Meeting,2/23/2023,
SE1,Company170,Deal Progression Call,2/27/2023,
SE1,Company221,Deal Progression Call,2/27/2023,
SE1,Company40,Discovery,3/7/2023,Yes
SE1,Company40,Discovery,3/7/2023,Yes
SE1,Company221,Deal Progression Call,3/27/2023,
SE1,Company206,Discovery,3/6/2023,
SE1,Company206,Discovery,3/6/2023,
SE1,Company120,Deal Progression Call,2/27/2023,
SE1,Company198,Discovery,2/27/2023,
SE1,Company265,New Business Meeting,3/16/2023,
SE1,Company265,New Business Meeting,3/16/2023,
SE1,Company265,New Business Meeting,3/16/2023,
SE1,Company99,Discovery,3/20/2023,
SE1,Company99,Discovery,3/20/2023,
SE1,Company187,Discovery,3/1/2023,
SE1,Company265,Deal Progression Call,3/3/2023,
SE1,Company265,Deal Progression Call,3/3/2023,
SE1,Company266,Discovery,3/2/2023,
SE1,Company266,Discovery,3/2/2023,
SE1,Company266,Discovery,3/2/2023,
SE1,Company265,New Business Meeting,2/27/2023,
SE1,Company266,Discovery,3/2/2023,
SE1,Company265,New Business Meeting,2/27/2023,
SE1,Company99,New Business Meeting,2/23/2023,
SE1,Company120,Deal Progression Call,2/27/2023,
SE1,Company206,Deal Progression Call,3/6/2023,
SE1,Company206,Deal Progression Call,3/6/2023,
SE1,Company40,Discovery,3/7/2023,Yes
SE1,Company40,Discovery,3/7/2023,Yes
SE1,Company1,Discovery,3/15/2023,
SE1,Company4,Deal Progression Call,3/8/2023,
SE1,Company4,Deal Progression Call,3/7/2023,
SE1,Company206,Discovery,3/6/2023,
SE1,Company206,Discovery,3/17/2023,
SE1,Company206,Discovery,3/17/2023,
SE1,Company206,New Business Meeting,3/15/2023,
SE1,Company206,New Business Meeting,3/15/2023,
SE1,Company11,Discovery,3/15/2023,Yes
SE1,Company4,New Business Meeting,3/23/2023,No
SE1,Company70,New Business Meeting,3/14/2023,
SE1,Company11,New Business Meeting,3/27/2023,
SE1,Company4,Deal Progression Call,3/20/2023,
SE1,Company4,Deal Progression Call,3/20/2023,
SE1,Company99,New Business Meeting,3/17/2023,
SE1,Company265,Discovery,3/28/2023,
SE1,Company265,Discovery,3/28/2023,
SE1,Company4,New Business Meeting,3/23/2023,No
SE1,Company99,New Business Meeting,3/17/2023,
SE1,Company99,Discovery,3/20/2023,
SE1,Company206,Discovery,3/22/2023,
SE1,Company206,Deal Progression Call,3/20/2023,
SE1,Company99,Deal Progression Call,3/22/2023,
SE1,Company99,Deal Progression Call,3/22/2023,
SE1,Company99,Deal Progression Call,3/22/2023,
SE1,Company1,Discovery,3/15/2023,
SE1,Company4,Deal Progression Call,3/14/2023,
SE1,Company206,Discovery,3/17/2023,
SE1,Company206,Deal Progression Call,3/17/2023,
SE1,Company187,Discovery,3/22/2023,
SE1,Company187,Discovery,3/22/2023,
SE1,Company259,Discovery,3/23/2023,
SE1,Company259,Discovery,3/23/2023,
SE1,Company136,New Business Meeting,3/30/2023,Yes
SE1,Company44,New Business Meeting,4/3/2023,No
SE1,Company44,New Business Meeting,4/3/2023,No
SE1,Company236,Discovery,3/24/2023,
SE1,Company187,New Business Meeting,3/23/2023,
SE1,Company187,New Business Meeting,3/23/2023,
SE1,Company4,New Business Meeting,3/30/2023,
SE1,Company4,New Business Meeting,3/30/2023,
SE1,Company136,New Business Meeting,3/30/2023,No
SE1,Company1,Discovery,3/31/2023,
SE1,Company236,Discovery,3/24/2023,
SE1,Company140,Discovery,4/6/2023,Yes
SE1,Company72,Deal Progression Call,4/13/2023,No
SE1,Company99,Discovery,3/27/2023,
SE1,Company1,Discovery,3/31/2023,
SE1,Company187,New Business Meeting,3/29/2023,
SE1,Company187,New Business Meeting,3/29/2023,
SE1,Company206,New Business Meeting,3/31/2023,No
SE1,Company206,New Business Meeting,3/31/2023,No
SE1,Company5,New Business Meeting,4/11/2023,No
SE1,Company265,Discovery,3/28/2023,
SE1,Company136,New Business Meeting,3/30/2023,Yes
SE1,Company44,New Business Meeting,4/3/2023,No
SE1,Company140,Discovery,4/6/2023,Yes
SE1,Company206,New Business Meeting,4/14/2023,No
SE1,Company206,New Business Meeting,4/14/2023,No
SE1,Company152,Other,4/5/2023,
SE1,Company152,Other,4/5/2023,
SE1,Company140,New Business Meeting,4/11/2023,
SE1,Company140,New Business Meeting,4/11/2023,
SE1,Company140,Discovery,4/6/2023,
SE1,Company5,New Business Meeting,4/11/2023,No
SE1,Company72,Deal Progression Call,4/13/2023,No
SE1,Company206,Deal Progression Call,4/11/2023,
SE1,Company206,Deal Progression Call,4/11/2023,
SE1,Company206,Deal Progression Call,4/18/2023,
SE1,Company206,Deal Progression Call,4/18/2023,
SE1,Company99,Discovery,4/11/2023,
SE1,Company99,Discovery,4/11/2023,
SE1,Company66,Deal Progression Call,4/12/2023,
SE1,Company66,Deal Progression Call,4/12/2023,
SE1,Company66,Deal Progression Call,4/12/2023,
SE1,Company66,Deal Progression Call,4/12/2023,
SE1,Company261,New Business Meeting,4/13/2023,No
SE1,Company261,New Business Meeting,4/13/2023,No
SE1,Company140,Discovery,4/6/2023,
SE1,Company206,Deal Progression Call,5/3/2023,
SE1,Company206,Deal Progression Call,5/3/2023,
SE1,Company140,Discovery,4/18/2023,
SE1,Company140,Discovery,4/18/2023,
SE1,Company140,Deal Progression Call,4/24/2023,
SE1,Company266,Discovery,4/18/2023,
SE1,Company81,Deal Progression Call,4/19/2023,
SE1,Company81,Deal Progression Call,4/19/2023,
SE1,Company81,Deal Progression Call,4/19/2023,
SE1,Company266,Discovery,4/18/2023,
SE1,Company99,New Business Meeting,4/25/2023,
SE1,Company99,New Business Meeting,4/25/2023,
SE1,Company1,Deal Progression Call,4/26/2023,
SE1,Company1,Deal Progression Call,4/26/2023,
SE1,Company66,Discovery,5/3/2023,
SE1,Company66,Discovery,5/3/2023,
SE1,Company267,Discovery,5/2/2023,Yes
SE1,Company259,New Business Meeting,4/26/2023,
SE1,Company259,New Business Meeting,4/26/2023,
SE1,Company99,New Business Meeting,4/26/2023,
SE1,Company137,New Business Meeting,4/26/2023,
SE1,Company265,New Business Meeting,4/27/2023,
SE1,Company140,Other,4/25/2023,
SE1,Company140,Other,4/25/2023,
SE1,Company140,Other,4/25/2023,
SE1,Company265,New Business Meeting,4/27/2023,
SE1,Company137,New Business Meeting,4/26/2023,
SE1,Company99,New Business Meeting,4/26/2023,
SE1,Company58,Other,5/16/2023,
SE1,Company58,Other,5/16/2023,
SE1,Company58,Other,5/16/2023,
SE1,Company164,Discovery,5/10/2023,Yes
SE1,Company164,Discovery,5/10/2023,Yes
SE1,Company140,New Business Meeting,5/16/2023,
SE1,Company140,New Business Meeting,5/16/2023,
SE1,Company228,New Business Meeting,5/9/2023,
SE1,Company228,New Business Meeting,5/9/2023,
SE1,Company137,New Business Meeting,5/10/2023,
SE1,Company137,New Business Meeting,5/10/2023,
SE1,Company4,Deal Progression Call,5/17/2023,
SE1,Company4,Deal Progression Call,5/17/2023,
SE1,Company36,Discovery,6/14/2023,
SE1,Company36,Discovery,6/14/2023,
SE1,Company36,Discovery,6/14/2023,
SE1,Company199,Discovery,5/16/2023,
SE1,Company199,Discovery,5/16/2023,
SE1,Company140,Discovery,5/9/2023,
SE1,Company140,Discovery,5/9/2023,
SE1,Company99,Discovery,5/8/2023,
SE1,Company99,Discovery,5/8/2023,
SE1,Company137,New Business Meeting,5/10/2023,
SE1,Company164,Discovery,5/10/2023,Yes
SE1,Company99,Discovery,5/8/2023,
SE1,Company99,Discovery,5/8/2023,
SE1,Company206,Deal Progression Call,5/12/2023,
SE1,Company206,Deal Progression Call,5/12/2023,
SE1,Company206,Deal Progression Call,5/12/2023,
SE1,Company206,Deal Progression Call,5/26/2023,
SE1,Company206,Deal Progression Call,5/26/2023,
SE1,Company58,Discovery,6/13/2023,
SE1,Company58,Discovery,6/13/2023,
SE1,Company164,Deal Progression Call,5/12/2023,
SE1,Company164,Deal Progression Call,5/12/2023,
SE1,Company140,Discovery,5/11/2023,
SE1,Company140,Discovery,5/11/2023,
SE1,Company164,Deal Progression Call,5/16/2023,
SE1,Company164,Deal Progression Call,5/16/2023,
SE1,Company36,Discovery,6/12/2023,
SE1,Company36,Discovery,6/12/2023,
SE1,Company1,New Business Meeting,6/14/2023,
SE1,Company1,New Business Meeting,6/14/2023,
SE1,Company259,Deal Progression Call,5/15/2023,
SE1,Company140,Discovery,5/15/2023,
SE1,Company259,Discovery,5/15/2023,
SE1,Company259,Discovery,5/15/2023,
SE1,Company259,Discovery,5/15/2023,
SE1,Company140,Deal Progression Call,5/9/2023,
SE1,Company140,Deal Progression Call,5/9/2023,
SE1,Company140,Deal Progression Call,5/26/2023,
SE1,Company140,Deal Progression Call,5/26/2023,
SE1,Company206,Deal Progression Call,6/13/2023,
SE1,Company264,New Business Meeting,6/29/2023,Yes
SE1,Company99,New Business Meeting,6/22/2023,
SE1,Company99,New Business Meeting,6/22/2023,
SE1,Company140,Deal Progression Call,6/19/2023,
SE1,Company140,Deal Progression Call,6/19/2023,
SE1,Company259,New Business Meeting,6/19/2023,Yes
SE1,Company259,New Business Meeting,6/19/2023,Yes
SE1,Company259,New Business Meeting,6/19/2023,Yes
SE1,Company75,Other,6/22/2023,Yes
SE1,Company9,New Business Meeting,6/20/2023,Yes
SE1,Company58,New Business Meeting,6/19/2023,
SE1,Company58,New Business Meeting,6/19/2023,
SE1,Company140,Deal Progression Call,6/20/2023,
SE1,Company140,Deal Progression Call,6/20/2023,
SE1,Company99,New Business Meeting,6/22/2023,
SE1,Company245,Discovery,6/12/2023,Yes
SE1,Company245,Discovery,6/12/2023,Yes
SE1,Company99,Discovery,6/21/2023,Yes
SE1,Company224,Deal Progression Call,6/21/2023,Yes
SE1,Company99,Discovery,6/27/2023,
SE1,Company99,Discovery,6/27/2023,
SE1,Company75,Other,6/22/2023,Yes
SE1,Company99,Discovery,6/21/2023,Yes
SE1,Company187,Discovery,6/20/2023,
SE1,Company187,Discovery,6/20/2023,
SE1,Company261,Deal Progression Call,6/20/2023,No
SE1,Company261,Deal Progression Call,6/20/2023,No
SE1,Company140,Discovery,6/20/2023,
SE1,Company215,Deal Progression Call,6/21/2023,
SE1,Company215,Deal Progression Call,6/21/2023,
SE1,Company215,Deal Progression Call,6/21/2023,
SE1,Company196,Deal Progression Call,6/19/2023,
SE1,Company196,Deal Progression Call,6/19/2023,
SE1,Company133,Deal Progression Call,6/20/2023,
SE1,Company133,Deal Progression Call,6/20/2023,
SE1,Company224,Deal Progression Call,6/21/2023,
SE1,Company224,Deal Progression Call,6/21/2023,
SE1,Company224,Deal Progression Call,6/21/2023,
SE1,Company206,Deal Progression Call,6/29/2023,
SE1,Company206,Deal Progression Call,6/29/2023,
SE1,Company99,Discovery,6/27/2023,
SE1,Company140,Deal Progression Call,6/27/2023,
SE1,Company140,Deal Progression Call,6/27/2023,
SE1,Company75,Deal Progression Call,6/27/2023,
SE1,Company75,Deal Progression Call,6/27/2023,
SE1,Company206,Deal Progression Call,6/27/2023,
SE1,Company206,Deal Progression Call,6/27/2023,
SE1,Company206,Deal Progression Call,6/28/2023,
SE1,Company206,Deal Progression Call,6/28/2023,
SE1,Company91,Discovery,6/30/2023,Yes
SE1,Company152,New Business Meeting,5/2/2023,
SE1,Company91,Discovery,6/30/2023,Yes
SE8,Company251,New Business Meeting,1/6/2023,Yes
SE8,Company13,New Business Meeting,1/4/2023,Yes
SE8,Company223,New Business Meeting,1/5/2023,Yes
SE8,Company35,Discovery,1/11/2023,
SE8,Company235,Deal Progression Call,1/5/2023,
SE8,Company35,Discovery,1/11/2023,
SE8,Company159,New Business Meeting,1/10/2023,
SE8,Company83,Discovery,1/30/2023,Yes
SE8,Company200,Deal Progression Call,1/13/2023,No
SE8,Company200,Deal Progression Call,1/13/2023,No
SE8,Company200,Deal Progression Call,1/13/2023,No
SE8,Company20,New Business Meeting,1/10/2023,
SE8,Company20,New Business Meeting,1/10/2023,
SE8,Company235,Deal Progression Call,1/11/2023,
SE8,Company111,Deal Progression Call,1/12/2023,
SE8,Company111,Deal Progression Call,1/12/2023,
SE8,Company111,Deal Progression Call,1/12/2023,
SE8,Company235,New Business Meeting,1/12/2023,
SE8,Company235,New Business Meeting,1/12/2023,
SE8,Company175,Discovery,1/12/2023,
SE8,Company175,New Business Meeting,2/1/2023,Yes
SE8,Company175,New Business Meeting,2/1/2023,Yes
SE8,Company1,Deal Progression Call,1/2/2023,
SE8,Company1,Deal Progression Call,1/2/2023,
SE8,Company1,Deal Progression Call,1/13/2023,
SE8,Company1,Deal Progression Call,1/13/2023,
SE8,Company1,Deal Progression Call,1/5/2023,
SE8,Company1,Deal Progression Call,1/5/2023,
SE8,Company1,Deal Progression Call,1/5/2023,
SE8,Company1,Deal Progression Call,1/5/2023,
SE8,Company1,Discovery,1/9/2023,
SE8,Company1,Discovery,1/9/2023,
SE8,Company1,Deal Progression Call,1/30/2023,
SE8,Company1,Deal Progression Call,1/30/2023,
SE8,Company1,Deal Progression Call,1/30/2023,
SE8,Company1,Deal Progression Call,1/10/2023,
SE8,Company1,Deal Progression Call,1/10/2023,
SE8,Company1,Deal Progression Call,1/10/2023,
SE8,Company1,Deal Progression Call,1/10/2023,
SE8,Company1,New Business Meeting,1/23/2023,
SE8,Company1,New Business Meeting,1/23/2023,
SE8,Company1,Deal Progression Call,1/10/2023,
SE8,Company1,Deal Progression Call,1/10/2023,
SE8,Company1,Discovery,1/11/2023,
SE8,Company1,Discovery,1/11/2023,
SE8,Company1,Deal Progression Call,1/12/2023,
SE8,Company1,Deal Progression Call,1/12/2023,
SE8,Company1,Deal Progression Call,1/13/2023,
SE8,Company1,Deal Progression Call,1/13/2023,
SE8,Company1,Deal Progression Call,1/23/2023,
SE8,Company1,Deal Progression Call,1/23/2023,
SE8,Company1,Deal Progression Call,1/24/2023,
SE8,Company1,Deal Progression Call,1/24/2023,
SE8,Company1,Deal Progression Call,1/24/2023,
SE8,Company1,Deal Progression Call,1/30/2023,
SE8,Company1,Deal Progression Call,1/30/2023,
SE8,Company111,Deal Progression Call,1/30/2023,
SE8,Company111,Deal Progression Call,1/30/2023,
SE8,Company111,Deal Progression Call,1/30/2023,
SE8,Company235,Deal Progression Call,2/2/2023,
SE8,Company235,Deal Progression Call,2/2/2023,
SE8,Company134,Deal Progression Call,2/1/2023,No
SE8,Company200,Deal Progression Call,2/13/2023,No
SE8,Company200,Deal Progression Call,2/13/2023,No
SE8,Company200,Deal Progression Call,2/13/2023,No
SE8,Company184,Discovery,3/16/2023,Yes
SE8,Company243,Discovery,3/9/2023,Yes
SE8,Company233,Discovery,2/16/2023,
SE8,Company134,Deal Progression Call,2/13/2023,No
SE8,Company134,Deal Progression Call,2/14/2023,No
SE8,Company134,Other,2/17/2023,No
SE8,Company134,Other,2/17/2023,No
SE8,Company20,Deal Progression Call,2/13/2023,
SE8,Company111,Deal Progression Call,2/16/2023,
SE8,Company20,Discovery,2/14/2023,
SE8,Company111,New Business Meeting,2/14/2023,
SE8,Company111,Deal Progression Call,2/16/2023,
SE8,Company111,Deal Progression Call,2/16/2023,
SE8,Company111,Deal Progression Call,2/16/2023,
SE8,Company1,Deal Progression Call,1/30/2023,
SE8,Company1,Deal Progression Call,2/2/2023,
SE8,Company1,New Business Meeting,1/30/2023,
SE8,Company1,Deal Progression Call,2/1/2023,
SE8,Company1,Deal Progression Call,2/15/2023,
SE8,Company1,Deal Progression Call,2/13/2023,
SE8,Company1,Deal Progression Call,2/15/2023,
SE8,Company1,Deal Progression Call,2/13/2023,
SE8,Company1,Deal Progression Call,2/14/2023,
SE8,Company1,Deal Progression Call,2/14/2023,
SE8,Company1,Discovery,2/16/2023,
SE8,Company1,Deal Progression Call,2/16/2023,
SE8,Company235,Deal Progression Call,2/17/2023,
SE8,Company243,Discovery,3/9/2023,Yes
SE8,Company159,Deal Progression Call,2/23/2023,
SE8,Company111,Deal Progression Call,2/20/2023,
SE8,Company216,Deal Progression Call,2/21/2023,
SE8,Company216,Deal Progression Call,2/21/2023,
SE8,Company134,Deal Progression Call,2/20/2023,No
SE8,Company200,Deal Progression Call,2/21/2023,No
SE8,Company200,Deal Progression Call,2/23/2023,No
SE8,Company134,Deal Progression Call,2/22/2023,No
SE8,Company134,Deal Progression Call,2/24/2023,No
SE8,Company243,Discovery,3/7/2023,
SE8,Company243,Discovery,3/7/2023,
SE8,Company252,Discovery,3/8/2023,
SE8,Company252,Discovery,3/8/2023,
SE8,Company252,New Business Meeting,3/15/2023,
SE8,Company252,New Business Meeting,3/15/2023,
SE8,Company140,Discovery,3/3/2023,Yes
SE8,Company64,Deal Progression Call,3/3/2023,
SE8,Company200,Deal Progression Call,3/10/2023,No
SE8,Company233,Discovery,3/6/2023,
SE8,Company233,New Business Meeting,3/7/2023,
SE8,Company233,New Business Meeting,3/7/2023,
SE8,Company243,New Business Meeting,4/11/2023,
SE8,Company243,New Business Meeting,4/11/2023,
SE8,Company134,Deal Progression Call,3/8/2023,No
SE8,Company111,Deal Progression Call,3/14/2023,No
SE8,Company111,Deal Progression Call,3/14/2023,No
SE8,Company20,New Business Meeting,3/16/2023,
SE8,Company20,New Business Meeting,3/16/2023,
SE8,Company20,New Business Meeting,1/30/2023,
SE8,Company20,New Business Meeting,1/30/2023,
SE8,Company235,Deal Progression Call,1/24/2023,
SE8,Company235,Deal Progression Call,1/24/2023,
SE8,Company111,Deal Progression Call,2/14/2023,
SE8,Company111,Deal Progression Call,2/14/2023,
SE8,Company111,Deal Progression Call,2/14/2023,
SE8,Company111,Discovery,2/23/2023,
SE8,Company29,Discovery,4/12/2023,Yes
SE8,Company1,Deal Progression Call,2/13/2023,
SE8,Company1,Deal Progression Call,3/2/2023,
SE8,Company1,Deal Progression Call,2/15/2023,
SE8,Company1,Deal Progression Call,2/15/2023,
SE8,Company1,New Business Meeting,2/17/2023,
SE8,Company1,New Business Meeting,3/10/2023,
SE8,Company1,New Business Meeting,2/22/2023,
SE8,Company1,Deal Progression Call,3/9/2023,
SE8,Company1,Deal Progression Call,3/16/2023,
SE8,Company1,Deal Progression Call,2/23/2023,
SE8,Company1,Deal Progression Call,3/6/2023,
SE8,Company1,New Business Meeting,2/23/2023,
SE8,Company1,New Business Meeting,4/5/2023,
SE8,Company1,Deal Progression Call,3/2/2023,
SE8,Company1,Deal Progression Call,3/9/2023,
SE8,Company1,Deal Progression Call,3/3/2023,
SE8,Company1,Discovery,3/10/2023,
SE8,Company1,New Business Meeting,4/4/2023,
SE8,Company32,Discovery,5/30/2023,Yes
SE8,Company32,Discovery,5/30/2023,Yes
SE8,Company168,New Business Meeting,5/24/2023,Yes
SE8,Company168,New Business Meeting,5/24/2023,Yes
SE8,Company171,Discovery,5/24/2023,Yes
SE8,Company171,Discovery,5/24/2023,Yes
SE8,Company188,Discovery,5/15/2023,No
SE10,Company128,Discovery,1/16/2023,
SE10,Company128,Discovery,1/16/2023,
SE10,Company135,Deal Progression Call,1/17/2023,
SE10,Company182,Deal Progression Call,1/9/2023,
SE10,Company49,Deal Progression Call,1/11/2023,
SE10,Company133,Deal Progression Call,1/13/2023,
SE10,Company133,Deal Progression Call,1/13/2023,
SE10,Company128,Discovery,1/16/2023,
SE10,Company128,Discovery,1/16/2023,
SE10,Company133,New Business Meeting,2/1/2023,
SE10,Company132,Deal Progression Call,1/20/2023,Yes
SE10,Company132,Deal Progression Call,1/20/2023,Yes
SE10,Company133,Deal Progression Call,1/18/2023,
SE10,Company154,New Business Meeting,1/17/2023,Yes
SE10,Company84,Deal Progression Call,1/30/2023,
SE10,Company256,Deal Progression Call,1/30/2023,
SE10,Company49,Deal Progression Call,1/30/2023,
SE10,Company84,New Business Meeting,2/2/2023,
SE10,Company84,New Business Meeting,2/2/2023,
SE10,Company63,Discovery,2/8/2023,Yes
SE10,Company63,Discovery,2/8/2023,Yes
SE10,Company128,Deal Progression Call,2/6/2023,
SE10,Company128,Deal Progression Call,2/6/2023,
SE10,Company145,New Business Meeting,2/8/2023,Yes
SE10,Company145,New Business Meeting,2/8/2023,Yes
SE10,Company145,New Business Meeting,2/8/2023,Yes
SE10,Company250,New Business Meeting,2/9/2023,No
SE10,Company132,New Business Meeting,2/9/2023,
SE10,Company132,New Business Meeting,2/9/2023,
SE10,Company250,New Business Meeting,2/9/2023,No
SE10,Company132,Deal Progression Call,2/8/2023,
SE10,Company133,Deal Progression Call,2/6/2023,
SE10,Company133,Deal Progression Call,2/8/2023,
SE10,Company71,Deal Progression Call,2/9/2023,
SE10,Company27,Deal Progression Call,2/9/2023,
SE10,Company74,Deal Progression Call,2/2/2023,
SE10,Company49,Deal Progression Call,2/3/2023,
SE10,Company64,Discovery,2/17/2023,
SE10,Company64,Discovery,3/3/2023,
SE10,Company133,Deal Progression Call,2/14/2023,
SE10,Company133,Deal Progression Call,2/14/2023,
SE10,Company133,Deal Progression Call,2/13/2023,
SE10,Company256,New Business Meeting,2/14/2023,
SE10,Company26,Discovery,2/28/2023,
SE10,Company26,Discovery,2/28/2023,
SE10,Company49,Deal Progression Call,2/16/2023,
SE10,Company64,Discovery,2/22/2023,
SE10,Company64,Discovery,2/21/2023,
SE10,Company133,Discovery,2/28/2023,
SE10,Company133,Discovery,2/28/2023,
SE10,Company133,Discovery,2/28/2023,
SE10,Company75,Discovery,2/27/2023,
SE10,Company133,Discovery,3/6/2023,
SE10,Company133,Discovery,3/6/2023,
SE10,Company133,Discovery,3/6/2023,
SE10,Company133,Discovery,3/6/2023,
SE10,Company75,Discovery,2/27/2023,
SE10,Company63,Discovery,2/28/2023,
SE10,Company133,Deal Progression Call,2/27/2023,
SE10,Company133,Deal Progression Call,3/2/2023,
SE10,Company49,Deal Progression Call,3/1/2023,
SE10,Company49,Deal Progression Call,3/2/2023,
SE10,Company133,Deal Progression Call,3/6/2023,
SE10,Company133,Deal Progression Call,3/8/2023,
SE10,Company126,Discovery,3/10/2023,
SE10,Company133,Deal Progression Call,3/9/2023,
SE10,Company49,Deal Progression Call,3/9/2023,
SE10,Company49,Deal Progression Call,3/9/2023,
SE10,Company133,Discovery,3/15/2023,
SE10,Company133,Discovery,3/15/2023,
SE10,Company3,Discovery,3/15/2023,
SE10,Company49,Deal Progression Call,3/14/2023,
SE10,Company3,Deal Progression Call,3/8/2023,
SE10,Company133,Deal Progression Call,3/15/2023,
SE10,Company3,Deal Progression Call,3/8/2023,
SE10,Company213,Deal Progression Call,3/20/2023,
SE10,Company133,Deal Progression Call,3/20/2023,
SE10,Company213,Deal Progression Call,3/20/2023,
SE10,Company213,Deal Progression Call,3/20/2023,
SE10,Company213,Deal Progression Call,3/24/2023,
SE10,Company3,New Business Meeting,3/28/2023,
SE10,Company3,New Business Meeting,3/28/2023,
SE10,Company182,Deal Progression Call,3/20/2023,
SE10,Company27,Deal Progression Call,3/23/2023,
SE10,Company49,Deal Progression Call,3/23/2023,
SE10,Company213,Deal Progression Call,3/24/2023,
SE10,Company3,Deal Progression Call,3/27/2023,
SE10,Company176,New Business Meeting,3/31/2023,
SE10,Company49,Deal Progression Call,3/29/2023,
SE10,Company49,Deal Progression Call,3/30/2023,
SE10,Company247,Discovery,4/12/2023,Yes
SE10,Company26,New Business Meeting,4/3/2023,
SE3,Company16,Discovery,2/15/2023,Yes
SE3,Company16,Discovery,2/15/2023,Yes
SE3,Company177,New Business Meeting,1/31/2023,No
SE3,Company269,Discovery,1/17/2023,No
SE3,Company121,New Business Meeting,1/17/2023,Yes
SE3,Company121,New Business Meeting,1/17/2023,Yes
SE3,Company121,New Business Meeting,1/17/2023,Yes
SE3,Company214,New Business Meeting,1/20/2023,Yes
SE3,Company214,New Business Meeting,1/20/2023,Yes
SE3,Company214,New Business Meeting,1/20/2023,Yes
SE3,Company214,Discovery,2/6/2023,Yes
SE3,Company121,New Business Meeting,1/23/2023,Yes
SE3,Company121,New Business Meeting,1/23/2023,Yes
SE3,Company30,Discovery,2/2/2023,Yes
SE3,Company214,Discovery,2/6/2023,Yes
SE3,Company114,New Business Meeting,2/9/2023,No
SE3,Company33,Deal Progression Call,2/1/2023,
SE3,Company217,New Business Meeting,2/8/2023,Yes
SE3,Company45,Discovery,3/8/2023,Yes
SE3,Company214,Discovery,2/10/2023,Yes
SE3,Company214,Discovery,2/10/2023,Yes
SE3,Company214,Discovery,2/10/2023,Yes
SE3,Company114,New Business Meeting,2/9/2023,No
SE3,Company138,New Business Meeting,2/10/2023,
SE3,Company257,New Business Meeting,2/16/2023,Yes
SE3,Company183,New Business Meeting,2/17/2023,Yes
SE3,Company257,New Business Meeting,2/16/2023,No
SE3,Company257,New Business Meeting,2/16/2023,No
SE3,Company124,New Business Meeting,2/21/2023,Yes
SE3,Company139,New Business Meeting,2/23/2023,Yes
SE3,Company55,New Business Meeting,2/22/2023,No
SE3,Company257,Discovery,3/2/2023,
SE3,Company257,Discovery,3/2/2023,
SE3,Company82,New Business Meeting,2/22/2023,No
SE3,Company197,New Business Meeting,5/16/2023,No
SE3,Company197,Discovery,3/13/2023,No
SE3,Company33,Deal Progression Call,2/22/2023,
SE3,Company257,New Business Meeting,2/24/2023,No
SE3,Company257,New Business Meeting,2/24/2023,No
SE3,Company153,Discovery,2/27/2023,
SE3,Company153,Discovery,2/27/2023,
SE3,Company46,Discovery,2/27/2023,
SE3,Company46,Discovery,2/27/2023,
SE3,Company2,Discovery,3/1/2023,
SE3,Company153,Discovery,3/2/2023,
SE3,Company223,Deal Progression Call,3/10/2023,No
SE3,Company223,Deal Progression Call,3/10/2023,No
SE3,Company79,New Business Meeting,3/9/2023,
SE3,Company73,New Business Meeting,3/16/2023,Yes
SE3,Company1,Deal Progression Call,2/27/2023,
SE3,Company1,Deal Progression Call,2/27/2023,
SE3,Company160,New Business Meeting,3/1/2023,
SE3,Company67,Deal Progression Call,3/6/2023,
SE3,Company153,New Business Meeting,3/9/2023,
SE3,Company1,Deal Progression Call,2/27/2023,
SE3,Company203,Deal Progression Call,2/28/2023,
SE3,Company33,Deal Progression Call,3/6/2023,
SE3,Company67,Deal Progression Call,3/9/2023,
SE3,Company67,Deal Progression Call,2/28/2023,
SE3,Company106,New Business Meeting,3/14/2023,No
SE3,Company106,New Business Meeting,3/14/2023,No
SE3,Company160,Deal Progression Call,3/2/2023,
SE3,Company67,Deal Progression Call,3/7/2023,
SE3,Company46,Other,3/10/2023,
SE3,Company153,Deal Progression Call,3/6/2023,
SE3,Company33,Deal Progression Call,3/7/2023,
SE3,Company80,Deal Progression Call,3/14/2023,
SE3,Company33,Deal Progression Call,3/14/2023,
SE3,Company57,New Business Meeting,3/15/2023,
SE3,Company190,New Business Meeting,3/15/2023,
SE3,Company129,New Business Meeting,3/30/2023,Yes
SE3,Company203,Deal Progression Call,3/15/2023,
SE3,Company67,Deal Progression Call,3/15/2023,
SE3,Company38,Discovery,3/23/2023,Yes
SE3,Company67,Deal Progression Call,3/16/2023,
SE3,Company232,New Business Meeting,3/21/2023,No
SE3,Company232,New Business Meeting,3/21/2023,No
SE3,Company73,Discovery,3/21/2023,Yes
SE3,Company73,Discovery,3/21/2023,Yes
SE3,Company177,New Business Meeting,3/13/2023,No
SE3,Company67,Deal Progression Call,3/16/2023,
SE3,Company67,Deal Progression Call,3/9/2023,
SE3,Company46,Deal Progression Call,3/17/2023,
SE3,Company230,Deal Progression Call,3/17/2023,
SE3,Company73,Discovery,3/22/2023,
SE3,Company73,Discovery,3/22/2023,Yes
SE3,Company30,Deal Progression Call,3/17/2023,
SE3,Company262,Deal Progression Call,3/20/2023,
SE3,Company262,Deal Progression Call,3/20/2023,
SE3,Company33,Deal Progression Call,3/21/2023,
SE3,Company262,New Business Meeting,3/23/2023,
SE3,Company262,New Business Meeting,3/23/2023,
SE3,Company73,New Business Meeting,3/31/2023,Yes
SE3,Company73,New Business Meeting,3/31/2023,Yes
SE3,Company38,Discovery,4/19/2023,Yes
SE3,Company38,Discovery,4/19/2023,Yes
SE3,Company73,New Business Meeting,4/4/2023,Yes
SE3,Company73,New Business Meeting,4/4/2023,Yes
SE3,Company46,Discovery,3/27/2023,
SE3,Company46,Discovery,3/27/2023,
SE3,Company46,New Business Meeting,3/27/2023,
SE3,Company46,New Business Meeting,3/27/2023,
SE3,Company7,Other,3/20/2023,
SE3,Company33,Deal Progression Call,3/23/2023,
SE3,Company160,Deal Progression Call,3/23/2023,
SE3,Company153,Other,3/28/2023,
SE3,Company33,Deal Progression Call,3/24/2023,
SE3,Company153,Deal Progression Call,3/27/2023,
SE3,Company177,Deal Progression Call,3/28/2023,
SE3,Company73,Deal Progression Call,4/4/2023,Yes
SE3,Company226,Discovery,3/28/2023,
SE3,Company73,Deal Progression Call,4/4/2023,Yes
SE3,Company234,New Business Meeting,4/5/2023,No
SE3,Company234,New Business Meeting,4/5/2023,No
SE3,Company190,New Business Meeting,3/30/2023,No
SE3,Company190,New Business Meeting,3/30/2023,No
SE3,Company33,Deal Progression Call,3/29/2023,
SE3,Company46,Other,4/4/2023,
SE3,Company46,Other,4/5/2023,
SE3,Company234,New Business Meeting,4/18/2023,No
SE3,Company234,New Business Meeting,4/18/2023,No
SE3,Company33,Deal Progression Call,4/6/2023,
SE3,Company226,Discovery,4/18/2023,
SE3,Company226,Discovery,4/18/2023,
SE3,Company139,New Business Meeting,4/26/2023,Yes
SE3,Company115,Deal Progression Call,4/25/2023,
SE3,Company33,Other,4/25/2023,
SE3,Company230,Discovery,5/11/2023,Yes
SE3,Company62,Discovery,5/12/2023,Yes
SE3,Company262,Discovery,6/5/2023,Yes
SE3,Company234,New Business Meeting,5/11/2023,No
SE3,Company234,New Business Meeting,5/11/2023,No
SE3,Company217,Deal Progression Call,5/8/2023,No
SE3,Company217,Deal Progression Call,5/12/2023,No
SE3,Company217,Deal Progression Call,5/12/2023,No
SE3,Company73,New Business Meeting,5/12/2023,Yes
SE3,Company73,New Business Meeting,5/12/2023,Yes
SE3,Company73,Deal Progression Call,5/17/2023,No
SE3,Company73,Deal Progression Call,5/17/2023,No
SE3,Company262,Other,5/15/2023,
SE3,Company139,New Business Meeting,5/25/2023,No
SE3,Company55,New Business Meeting,5/22/2023,No
SE3,Company249,New Business Meeting,6/2/2023,Yes
SE3,Company223,New Business Meeting,6/2/2023,No
SE3,Company230,Discovery,6/12/2023,Yes
SE3,Company80,Discovery,6/9/2023,Yes
SE3,Company80,Discovery,6/9/2023,Yes
SE3,Company80,Discovery,6/9/2023,Yes
SE3,Company80,Discovery,6/9/2023,Yes
SE3,Company249,New Business Meeting,6/5/2023,
SE3,Company249,New Business Meeting,6/5/2023,
SE3,Company80,New Business Meeting,6/15/2023,Yes
SE3,Company262,Other,6/21/2023,Yes
SE3,Company46,New Business Meeting,6/27/2023,Yes
SE3,Company160,Deal Progression Call,6/15/2023,Yes
SE3,Company160,Deal Progression Call,6/15/2023,Yes
SE3,Company262,New Business Meeting,6/28/2023,Yes
SE3,Company21,Deal Progression Call,6/28/2023,
SE3,Company223,Deal Progression Call,6/21/2023,No
SE3,Company39,Partner Development Meeting,6/30/2023,Yes
SE3,Company223,Deal Progression Call,6/27/2023,No
SE7,Company269,Deal Progression Call,1/9/2023,No
SE7,Company269,Deal Progression Call,1/9/2023,No
SE7,Company59,Discovery,1/18/2023,Yes
SE7,Company155,Discovery,1/16/2023,Yes
SE7,Company197,New Business Meeting,1/10/2023,No
SE7,Company112,,1/30/2023,
SE7,Company112,,3/27/2023,
SE7,Company155,New Business Meeting,1/20/2023,Yes
SE7,Company197,New Business Meeting,1/10/2023,No
SE7,Company197,Deal Progression Call,1/9/2023,
SE7,Company197,Deal Progression Call,1/9/2023,
SE7,Company197,Deal Progression Call,1/11/2023,No
SE7,Company197,Deal Progression Call,1/11/2023,No
SE7,Company155,Discovery,1/16/2023,Yes
SE7,Company155,New Business Meeting,1/20/2023,Yes
SE7,Company197,Deal Progression Call,1/16/2023,
SE7,Company112,Other,1/16/2023,
SE7,Company54,New Business Meeting,1/13/2023,
SE7,Company146,Deal Progression Call,1/17/2023,
SE7,Company146,Deal Progression Call,1/17/2023,
SE7,Company158,New Business Meeting,1/19/2023,
SE7,Company158,New Business Meeting,1/19/2023,
SE7,Company158,New Business Meeting,1/19/2023,
SE7,Company158,New Business Meeting,1/19/2023,
SE7,Company155,New Business Meeting,1/20/2023,Yes
SE7,Company155,New Business Meeting,1/20/2023,
SE7,Company197,Deal Progression Call,1/23/2023,
SE7,Company54,New Business Meeting,1/24/2023,
SE7,Company197,Discovery,1/30/2023,No
SE7,Company197,Deal Progression Call,1/30/2023,
SE7,Company141,Deal Progression Call,2/1/2023,
SE7,Company141,Deal Progression Call,2/1/2023,
SE7,Company141,Deal Progression Call,2/1/2023,
SE7,Company155,Discovery,1/16/2023,Yes
SE7,Company208,Deal Progression Call,2/1/2023,
SE7,Company208,Deal Progression Call,2/1/2023,
SE7,Company193,New Business Meeting,1/31/2023,
SE7,Company197,Deal Progression Call,2/1/2023,
SE7,Company112,Deal Progression Call,2/1/2023,
SE7,Company197,Deal Progression Call,2/1/2023,
SE7,Company197,New Business Meeting,1/31/2023,No
SE7,Company19,Other,2/3/2023,
SE7,Company19,Other,2/3/2023,
SE7,Company208,Deal Progression Call,2/3/2023,
SE7,Company98,Discovery,2/3/2023,
SE7,Company158,Discovery,2/7/2023,
SE7,Company158,Discovery,2/7/2023,
SE7,Company147,Discovery,2/6/2023,No
SE7,Company158,Deal Progression Call,2/9/2023,Yes
SE7,Company50,New Business Meeting,3/1/2023,
SE7,Company50,New Business Meeting,3/1/2023,
SE7,Company50,Discovery,2/27/2023,Yes
SE7,Company50,Discovery,2/27/2023,Yes
SE7,Company185,Discovery,2/9/2023,
SE7,Company185,Discovery,2/9/2023,
SE7,Company217,New Business Meeting,2/15/2023,Yes
SE7,Company201,Discovery,2/9/2023,
SE7,Company201,Discovery,2/9/2023,
SE7,Company197,Deal Progression Call,2/9/2023,No
SE7,Company248,Discovery,2/22/2023,Yes
SE7,Company54,Deal Progression Call,2/8/2023,
SE7,Company54,Deal Progression Call,2/10/2023,
SE7,Company50,Discovery,2/27/2023,Yes
SE7,Company50,New Business Meeting,3/1/2023,
SE7,Company112,Deal Progression Call,3/10/2023,
SE7,Company112,Deal Progression Call,3/10/2023,
SE7,Company112,Deal Progression Call,3/10/2023,
SE7,Company108,Discovery,2/15/2023,Yes
SE7,Company227,New Business Meeting,2/20/2023,Yes
SE7,Company110,Discovery,2/13/2023,
SE7,Company112,Deal Progression Call,2/13/2023,
SE7,Company100,Deal Progression Call,2/13/2023,
SE7,Company100,Deal Progression Call,2/15/2023,
SE7,Company112,Other,2/16/2023,
SE7,Company75,Discovery,2/21/2023,Yes
SE7,Company1,Other,3/2/2023,Yes
SE7,Company108,New Business Meeting,2/22/2023,Yes
SE7,Company218,Discovery,3/3/2023,Yes
SE7,Company75,New Business Meeting,3/2/2023,
SE7,Company197,New Business Meeting,2/23/2023,No
SE7,Company50,New Business Meeting,3/1/2023,
SE7,Company50,Discovery,2/27/2023,Yes
SE7,Company50,New Business Meeting,3/1/2023,
SE7,Company212,Discovery,3/2/2023,
SE7,Company100,Deal Progression Call,2/20/2023,
SE7,Company100,Deal Progression Call,2/22/2023,
SE7,Company100,Deal Progression Call,2/23/2023,
SE7,Company260,New Business Meeting,2/24/2023,
SE7,Company197,New Business Meeting,2/28/2023,
SE7,Company197,Deal Progression Call,3/1/2023,
SE7,Company197,Deal Progression Call,3/1/2023,
SE7,Company166,Discovery,3/3/2023,Yes
SE7,Company212,Discovery,3/2/2023,
SE7,Company141,Other,3/2/2023,
SE7,Company172,New Business Meeting,3/27/2023,Yes
SE7,Company103,Deal Progression Call,3/6/2023,
SE7,Company94,Deal Progression Call,3/7/2023,No
SE7,Company94,Deal Progression Call,3/7/2023,No
SE7,Company94,Deal Progression Call,3/7/2023,No
SE7,Company112,Other,3/9/2023,
SE7,Company197,Deal Progression Call,3/6/2023,
SE7,Company239,Deal Progression Call,3/12/2023,
SE7,Company54,Deal Progression Call,3/9/2023,
SE7,Company141,Deal Progression Call,3/15/2023,
SE7,Company141,Deal Progression Call,3/15/2023,
SE7,Company59,New Business Meeting,3/16/2023,
SE7,Company203,New Business Meeting,3/28/2023,Yes
SE7,Company75,Discovery,3/17/2023,
SE7,Company75,Discovery,3/22/2023,
SE7,Company197,Discovery,3/13/2023,
SE7,Company239,Other,3/16/2023,
SE7,Company54,Deal Progression Call,3/17/2023,
SE7,Company112,Other,3/21/2023,
SE7,Company56,Deal Progression Call,3/22/2023,
SE7,Company56,Deal Progression Call,3/22/2023,
SE7,Company172,Discovery,3/22/2023,
SE7,Company172,Discovery,3/22/2023,
SE7,Company50,New Business Meeting,3/23/2023,
SE7,Company50,New Business Meeting,3/23/2023,
SE7,Company141,Deal Progression Call,3/23/2023,
SE7,Company75,New Business Meeting,3/23/2023,
SE7,Company75,New Business Meeting,3/23/2023,
SE7,Company17,New Business Meeting,4/18/2023,Yes
SE7,Company172,New Business Meeting,3/27/2023,
SE7,Company118,New Business Meeting,3/30/2023,Yes
SE7,Company141,Deal Progression Call,3/28/2023,Yes
SE7,Company178,Deal Progression Call,3/27/2023,Yes
SE7,Company178,Deal Progression Call,3/27/2023,Yes
SE7,Company178,Deal Progression Call,3/27/2023,Yes
SE7,Company178,Deal Progression Call,3/27/2023,Yes
SE7,Company56,Deal Progression Call,3/29/2023,
SE7,Company56,Deal Progression Call,3/29/2023,
SE7,Company230,Other,3/31/2023,Yes
SE7,Company75,Deal Progression Call,3/30/2023,
SE7,Company75,Deal Progression Call,3/30/2023,
SE7,Company178,Discovery,3/30/2023,Yes
SE7,Company141,Deal Progression Call,4/5/2023,Yes
SE7,Company141,Deal Progression Call,4/5/2023,Yes
SE7,Company141,Deal Progression Call,4/5/2023,Yes
SE7,Company178,Other,4/4/2023,Yes
SE7,Company191,Discovery,4/19/2023,Yes
SE7,Company172,Deal Progression Call,4/17/2023,
SE7,Company172,Deal Progression Call,4/17/2023,
SE7,Company172,Deal Progression Call,4/17/2023,
SE7,Company179,Deal Progression Call,4/27/2023,Yes
SE7,Company142,Deal Progression Call,4/17/2023,
SE7,Company164,Deal Progression Call,4/27/2023,
SE7,Company230,Discovery,4/19/2023,
SE7,Company230,Discovery,4/19/2023,
SE7,Company230,Discovery,4/19/2023,
SE7,Company121,Discovery,4/26/2023,Yes
SE7,Company121,Discovery,4/26/2023,Yes
SE7,Company203,Discovery,4/21/2023,Yes
SE7,Company49,New Business Meeting,4/19/2023,
SE7,Company124,New Business Meeting,4/24/2023,No
SE7,Company239,New Business Meeting,4/18/2023,
SE7,Company230,Discovery,4/25/2023,
SE7,Company203,New Business Meeting,4/27/2023,
SE7,Company203,Discovery,4/26/2023,
SE7,Company124,New Business Meeting,4/28/2023,No
SE7,Company59,Deal Progression Call,5/4/2023,
SE7,Company103,Deal Progression Call,5/5/2023,
SE7,Company204,Other,5/11/2023,Yes
SE7,Company164,Deal Progression Call,5/3/2023,
SE7,Company164,Deal Progression Call,5/3/2023,
SE7,Company240,,5/3/2023,
SE7,Company56,Deal Progression Call,5/3/2023,
SE7,Company56,Deal Progression Call,5/3/2023,
SE7,Company14,Discovery,5/15/2023,No
SE7,Company59,Discovery,5/8/2023,
SE7,Company141,Deal Progression Call,5/17/2023,
SE7,Company141,Deal Progression Call,5/17/2023,
SE7,Company229,New Business Meeting,5/25/2023,
SE7,Company229,New Business Meeting,5/25/2023,
SE7,Company229,Discovery,5/15/2023,No
SE7,Company229,Discovery,5/15/2023,No
SE7,Company191,Discovery,5/11/2023,
SE7,Company164,Deal Progression Call,5/8/2023,
SE7,Company164,Deal Progression Call,5/8/2023,
SE7,Company229,New Business Meeting,5/25/2023,
SE7,Company229,Discovery,5/15/2023,No
SE7,Company37,Deal Progression Call,5/15/2023,
SE7,Company37,Deal Progression Call,5/15/2023,
SE7,Company75,Deal Progression Call,5/22/2023,Yes
SE7,Company75,Deal Progression Call,5/22/2023,Yes
SE7,Company14,Discovery,5/15/2023,No
SE7,Company219,Discovery,5/15/2023,
SE7,Company102,New Business Meeting,5/30/2023,Yes
SE7,Company104,Other,5/25/2023,
SE7,Company1,Discovery,5/22/2023,
SE7,Company1,Discovery,5/22/2023,
SE7,Company1,Other,5/24/2023,
SE7,Company158,Other,5/26/2023,
SE7,Company100,Deal Progression Call,5/24/2023,No
SE7,Company100,Deal Progression Call,5/24/2023,No
SE7,Company158,Other,5/26/2023,
SE7,Company158,Other,5/26/2023,
SE7,Company100,Deal Progression Call,5/24/2023,No
SE7,Company197,Deal Progression Call,5/31/2023,No
SE7,Company254,Discovery,5/30/2023,
SE7,Company197,Deal Progression Call,5/24/2023,
SE7,Company224,Deal Progression Call,6/2/2023,
SE7,Company224,Deal Progression Call,6/2/2023,
SE7,Company230,Other,6/2/2023,
SE7,Company224,Deal Progression Call,5/24/2023,
SE9,Company6,New Business Meeting,5/9/2023,Yes
SE9,Company6,New Business Meeting,5/9/2023,Yes
SE9,Company6,New Business Meeting,5/9/2023,Yes
SE9,Company5,New Business Meeting,5/17/2023,Yes
SE9,Company192,New Business Meeting,5/12/2023,Yes
SE9,Company5,New Business Meeting,5/17/2023,Yes
SE9,Company5,New Business Meeting,5/17/2023,Yes
SE9,Company5,New Business Meeting,6/1/2023,
SE9,Company23,New Business Meeting,5/17/2023,
SE9,Company23,New Business Meeting,5/17/2023,
SE9,Company192,New Business Meeting,5/12/2023,Yes
SE9,Company192,New Business Meeting,5/12/2023,Yes
SE9,Company64,Discovery,5/10/2023,
SE9,Company64,New Business Meeting,5/17/2023,
SE9,Company113,Other,6/30/2023,Yes
SE9,Company41,New Business Meeting,6/16/2023,Yes
SE9,Company41,New Business Meeting,6/16/2023,Yes
SE9,Company149,Discovery,6/5/2023,Yes
SE9,Company95,New Business Meeting,6/27/2023,Yes
SE9,Company76,Discovery,6/21/2023,Yes
SE9,Company76,Discovery,6/21/2023,Yes
SE9,Company210,Discovery,6/9/2023,No
SE9,Company149,Discovery,6/5/2023,
SE9,Company149,Discovery,6/5/2023,
SE9,Company149,Discovery,6/5/2023,
SE9,Company34,Discovery,6/5/2023,Yes
SE9,Company210,Discovery,6/9/2023,
SE9,Company192,Deal Progression Call,6/7/2023,
SE9,Company192,Deal Progression Call,6/7/2023,
SE9,Company210,New Business Meeting,6/13/2023,
SE9,Company197,New Business Meeting,6/15/2023,Yes
SE9,Company150,Deal Progression Call,6/15/2023,Yes
SE9,Company149,New Business Meeting,6/20/2023,Yes
SE9,Company144,Discovery,6/26/2023,
SE9,Company144,Discovery,6/26/2023,
SE9,Company213,Deal Progression Call,6/22/2023,Yes
SE9,Company42,New Business Meeting,6/28/2023,Yes
SE9,Company148,New Business Meeting,6/30/2023,
SE9,Company192,Deal Progression Call,6/26/2023,
SE9,Company192,Deal Progression Call,6/26/2023,
SE9,Company113,Other,6/26/2023,
SE9,Company113,Other,6/26/2023,
